{
    "wait": "*⏱️Memproses*",
    "error": {
        "Iv": "Link yang kamu berikan tidak valid",
        "api": "Yah,ada kesalahan kak segera hubungi owner ya agar di perbaiki"
    },
    "OnlyGrup": "Gunakan Perintah ini di Group Ya Kak",
    "OnlyPM": "Perintah ini hanya bisa digunakan di private message",
    "GrupAdmin": "Perintah ini hanya bisa digunakan oleh Admin Grup",
    "BotAdmin": "Bot Harus menjadi admin",
    "OnlyOwner": "Perintah ini hanya dapat digunakan oleh owner bot",
    "OnlyPrem": "Khusus Member Premium Kak"
}